ID,Name,Party,District,County,Photo,incumbend,Election,Primary,General,Dcount,D1,D2,D3,D4,D5,D6,Rcount,R1,R2,R3,R4
Harkins,Patrick Harkins,D,1,Erie,http://www.legis.state.pa.us/images/members/55/1081.jpg,yes,yes,no,yes,1,Patrick Harkins,,,,,,1,William Crotty,,,
Fabrizio,Florindo Fabrizio,D,2,Erie,http://www.legis.state.pa.us/images/members/55/1018.jpg,yes,yes,rep,yes,1,Flo Fabrizio,,,,,,2,Pat Fuller,Michael Pace,,
Bizzarro,Ryan Bizzarro,D,3,Erie,http://www.legis.state.pa.us/images/members/55/1619.jpg,yes,yes,no,yes,1,Ryan Bizzarro,,,,,,1,Greg Lucas,,,
Sonney,Curtis Sonney,R,4,Erie,http://www.legis.state.pa.us/images/members/55/1046.jpg,yes,yes,no,no,0,,,,,,,1,Curt Sonney,,,
Jozwiak,Barry Jozwiak,R,5,Berks,http://www.legis.state.pa.us/images/members/55/1692.jpg,yes,yes,no,no,0,,,,,,,1,Barry Jozwiak,,,
Roae,Brad Roae,R,6,Crawford,http://www.legis.state.pa.us/images/members/55/1083.jpg,yes,yes,rep,yes,1,Peter Zimmer,,,,,,2,Brad Roae,Lester Lenhart,,
Longietti,Mark Longietti,D,7,Mercer,http://www.legis.state.pa.us/images/members/55/1084.jpg,yes,yes,no,no,1,Mark Longietti,,,,,,0,,,,
Nesbit,Ted Nesbit,R,8,Butler,http://www.legis.state.pa.us/images/members/55/1700.jpg,yes,yes,no,no,0,,,,,,,1,Tedd Nesbit,,,
Sainato,Chris Sainato,D,9,Lawrence,http://www.legis.state.pa.us/images/members/55/90.jpg,yes,yes,no,no,1,Chris Sainato,,,,,,0,,,,
Gibbons,Jaret Gibbons,D,10,Beaver,http://www.legis.state.pa.us/images/members/55/1085.jpg,yes,yes,rep,yes,1,Jaret Gibbons,,,,,,3,Dawlyn Valli,Cliff Glovier,Aaron Bernstine,
Ellis,Brian Ellis,R,11,Butler,http://www.legis.state.pa.us/images/members/55/1047.jpg,yes,yes,no,no,0,,,,,,,1,Brian Ellis,,,
Metcalfe,Daryl Metcalfe,R,12,Butler,http://www.legis.state.pa.us/images/members/55/13.jpg,yes,yes,rep,yes,1,Christian Rieger,,,,,,2,Gordon Marburger,Daryl Metcalfe,,
Lawrence,John Lawrence,R,13,Chester,http://www.legis.state.pa.us/images/members/55/1215.jpg,yes,yes,no,yes,1,Nancy Dean,,,,,,1,John Lawrence,,,
Marshall,Jim Marshall,R,14,Beaver,http://www.legis.state.pa.us/images/members/55/1086.jpg,yes,yes,no,no,0,,,,,,,1,Jim Marshall,,,
Christiana,Jim Christiana,R,15,Beaver,http://www.legis.state.pa.us/images/members/55/1165.jpg,yes,yes,dem,yes,2,Michael Rossi,Dennis Nichols,,,,,1,Jim Christinana,,,
Matzie,Robert Matzie,D,16,Allegheny,http://www.legis.state.pa.us/images/members/55/1173.jpg,yes,yes,no,no,1,Robert Matzie,,,,,,0,,,,
Wentling,Parke Wentling,R,17,Crawford,http://www.legis.state.pa.us/images/members/55/1709.jpg,yes,yes,no,yes,1,Wayne Hanson,,,,,,1,Parke Wentling,,,
Digirolamo,Gene Digirolamo,R,18,Bucks,http://www.legis.state.pa.us/images/members/55/19.jpg,yes,yes,no,no,0,,,,,,,1,Gene Digirolamo,,,
Wheatley,Jake Wheatley,D,19,Allegheny,http://www.legis.state.pa.us/images/members/55/1194.jpg,yes,yes,yes,no,2,Jessica Wolf,Jake Wheatley,,,,,0,,,,
Ravenstahl,Adam Ravenstahl,D,20,Allegheny,http://www.legis.state.pa.us/images/members/55/1194.jpg,yes,yes,no,no,1,Adam Ravenstahl,,,,,,0,,,,
Costa1,Dom Costa,D,21,Allegheny,http://www.legis.state.pa.us/images/members/55/1164.jpg,yes,yes,no,no,1,Dom Costa,,,,,,0,,,,
Schweyer,Peter Schweyer,D,22,Lehigh,http://www.legis.state.pa.us/images/members/55/84.jpg,yes,yes,no,no,1,Peter Schweyer,,,,,,0,,,,
Frankel,Dan Frankel,D,23,Allegheny,http://www.legis.state.pa.us/images/members/55/84.jpg,yes,yes,no,no,1,Dan Frankel,,,,,,0,,,,
Gainey,Ed Gainey,D,24,Allegheny,http://www.legis.state.pa.us/images/members/55/1627.jpg,yes,yes,dem,no,3,Ed Gainey,Todd Koger,William Anderson,,,,0,,,,
Markosek,Joseph Markosek,D,25,Allegheny,http://www.legis.state.pa.us/images/members/55/86.jpg,yes,yes,no,yes,1,Joseph Markosek,,,,,,1,John Ritter,,,
Henessey,Tim Hennessey,R,26,Chester,http://www.legis.state.pa.us/images/members/55/41.jpg,yes,yes,no,no,0,,,,,,,1,Tim Hennessey,,,
Deasy,Daniel Deasy,D,27,Allegheny,http://www.legis.state.pa.us/images/members/55/1166.jpg,yes,yes,no,no,1,Dan Deasy,,,,,,0,,,,
Turzai,Mike Turzai,R,28,Allegheny,http://www.legis.state.pa.us/images/members/55/289.jpg,yes,yes,no,no,0,,,,,,,1,Mike Turzai,,,
Oneill,Bernie O'Neill,R,29,Bucks,http://www.legis.state.pa.us/images/members/55/1023.jpg,yes,yes,no,no,0,,,,,,,1,Bernie O'Neill,,,
English,Harold English,R,30,Allegheny,http://www.legis.state.pa.us/images/members/55/1623.jpg,yes,yes,no,no,0,,,,,,,1,Hal English,,,
Santarsiero,Steven Santarsiero,D,31,Bucks,http://www.legis.state.pa.us/images/members/55/1179.jpg,no,yes,dem,no,1,Perry Warren,,,,,,1,Ryan Gallagher,,,
Deluca,Anthony Deluca,D,32,Allegheny,http://www.legis.state.pa.us/images/members/55/47.jpg,yes,yes,no,no,1,Anthony Deluca,,,,,,0,,,,
Dermody,Frank Dermody,D,33,Allegheny,http://www.legis.state.pa.us/images/members/55/143.jpg,yes,yes,no,no,1,Frank Dermody,,,,,,0,,,,
Costa2,Paul Costa,D,34,Allegheny,http://www.legis.state.pa.us/images/members/55/49.jpg,yes,yes,no,no,1,Paul Costa,,,,,,0,,,,
Gergely,Marc Gergely,D,35,Allegheny,http://www.legis.state.pa.us/images/members/55/1030.jpg,yes,yes,no,no,1,Marc Gergely,,,,,,0,,,,
Readshaw,Harry Readshaw,D,36,Allegheny,http://www.legis.state.pa.us/images/members/55/51.jpg,yes,yes,no,no,1,Harry Readshaw,,,,,,0,,,,
Fee,Mindy Fee,R,37,Lancaster,http://www.legis.state.pa.us/images/members/55/1625.jpg,yes,yes,rep,no,0,,,,,,,2,Mindy Fee,Tim Reedy,,
Kortz,William Kortz,D,38,Allegheny,http://www.legis.state.pa.us/images/members/55/1091.jpg,yes,yes,no,yes,1,Bill Kortz,,,,,,1,Rod Salka,,,
Saccone,Rick Saccone,R,39,Washington,http://www.legis.state.pa.us/images/members/55/1219.jpg,yes,yes,no,yes,1,Peter Kobylinski,,,,,,1,Rick Saccone,,,
Maher,John Maher,R,40,Washington,http://www.legis.state.pa.us/images/members/55/55.jpg,yes,yes,no,yes,1,Andrew Zahalsky,,,,,,1,John Maher,,,
Miller1,Brett Miller,R,41,Lancaster,http://www.legis.state.pa.us/images/members/55/1699.jpg,yes,yes,no,yes,1,Nick Elch,,,,,,1,Brett Miller,,,
Miller2,Dan Miller,D,42,Allegheny,http://www.legis.state.pa.us/images/members/55/1679.jpg,yes,yes,no,no,1,Dan Miller,,,,,,0,,,,
Greiner,Keith Greiner,R,43,Lancaster,http://www.legis.state.pa.us/images/members/55/1632.jpg,yes,yes,no,yes,0,,,,,,,1,Keith Greiner,,,
Mustio,Mark Mustio,R,44,Alegheny,http://www.legis.state.pa.us/images/members/55/1010.jpg,yes,yes,no,no,0,,,,,,,1,Mark Mustio,,,
Kotik,Nick Kotik,D,45,Allegheny,http://www.legis.state.pa.us/images/members/55/1005.jpg,no,yes,no,no,1,Anita Kulik,,,,,,0,,,,
Ortitay,Jason Ortitay,R,46,Washington,http://www.legis.state.pa.us/images/members/55/1701.jpg,yes,yes,dem,yes,2,Jesse White,Joe Szpara,,,,,1,Jason Ortitay,,,
Gillespie,Keith Gillespie,R,47,York,http://www.legis.state.pa.us/images/members/55/1006.jpg,yes,yes,no,no,0,,,,,,,1,Keith Gillespie,,,
Neuman,Brandon Neuman,D,48,Washington,http://www.legis.state.pa.us/images/members/55/1218.jpg,yes,yes,no,no,1,Brandon Neuman,,,,,,0,,,,
Daley2,Peter Daley,D,49,Fayette,http://www.legis.state.pa.us/images/members/55/39.jpg,no,yes,dem/rep,yes,6,Alan Benyak,Brendan Garay,Bob Kepics,Mark Alterici,Donn Henderson,Randy Barli,2,Bud Cook,Melanie Stringhill Patterson,,
Snyder,Pam Snyder,D,50,Fayette,http://www.legis.state.pa.us/images/members/55/1651.jpg,yes,yes,no,yes,1,Pam Snyder,,,,,,1,Betsy McClure,,,
Mahoney,Tim Mahoney,D,51,Fayette,http://www.legis.state.pa.us/images/members/55/1100.jpg,yes,yes,no,yes,1,Tim Mahoney,,,,,,1,Matthew Dowling,,,
Warner,Ryan Warner,R,52,Fayette,http://www.legis.state.pa.us/images/members/55/1708.jpg,yes,yes,dem,yes,2,James Mari,Lloyd Williams,,,,,1,Ryan Warner,,,
Godshall,Robert Godshall,R,53,Montgomery,http://www.legis.state.pa.us/images/members/55/111.jpg,yes,yes,no,yes,1,Leon Angelichio,,,,,,1,Robert Godshall,,,
Evankovich,Eli Evankovich,R,54,Allegheny,http://www.legis.state.pa.us/images/members/55/1208.jpg,yes,yes,no,no,0,,,,,,,1,Eli Evankovich,,,
Petrarca,Joseph Petrarca,D,55,Armstrong,http://www.legis.state.pa.us/images/members/55/1618.jpg,yes,yes,no,yes,1,Joseph Petrarca,,,,,,1,Michael Geiselhart,,,
Dunbar,George Dunbar,R,56,Westmoreland,http://www.legis.state.pa.us/images/members/55/1206.jpg,yes,yes,no,no,0,,,,,,,1,George Dunbar,,,
Nelson,Eric Nelson,R,57,Westmoreland,http://www.legis.state.pa.us/images/members/55/1738.jpg,yes,yes,no,yes,1,Linda Iezzi,,,,,,1,Eric Nelson,,,
Harhai,Ted Harhai,D,58,Westmoreland,http://www.legis.state.pa.us/images/members/55/116.jpg,no,yes,dem,yes,3,Mary Popovich,Charles Mrlack,Jim Manderino,,,,1,Justin Walsh,,,
Reese,Mike Reese,R,59,Westmoreland,http://www.legis.state.pa.us/images/members/55/1178.jpg,yes,yes,no,no,0,,,,,,,1,Mike Reese,,,
Pyle,Jeffrey Pyle,R,60,Indiana,http://www.legis.state.pa.us/images/members/55/1019.jpg,yes,yes,no,no,0,,,,,,,1,Jeff Pyle,,,
Harper,Kate Harper,R,61,Montgomery,http://www.legis.state.pa.us/images/members/55/286.jpg,yes,yes,no,yes,1,Melissa Flowers,,,,,,1,Kate Harper,,,
Reed,Dave Reed,R,62,Indiana,http://www.legis.state.pa.us/images/members/55/981.jpg,yes,yes,no,yes,1,Patrick Edwards,,,,,,1,Dave Reed,,,
Oberlander,Donna Oberlander,R,63,Clarion,http://www.legis.state.pa.us/images/members/55/1177.jpg,yes,yes,no,no,0,,,,,,,1,Donna Oberlander,,,
James,R. Lee James,R,64,Butler,http://www.legis.state.pa.us/images/members/55/1634.jpg,yes,yes,no,no,0,,,,,,,1,R. Lee James,,,
Rapp,Kathy Rapp,R,65,Warren,http://www.legis.state.pa.us/images/members/55/1028.jpg,yes,yes,no,no,0,,,,,,,1,Kathy Rapp,,,
Dush,Cris Dush,R,66,Indiana,http://www.legis.state.pa.us/images/members/55/1687.jpg,yes,yes,no,no,0,,,,,,,1,Cris Dush,,,
Causer,Martin Causer,R,67,McKean,http://www.legis.state.pa.us/images/members/55/982.jpg,yes,yes,no,no,0,,,,,,,1,Martin Causer,,,
Baker,Mathew Baker,R,68,Tioga,http://www.legis.state.pa.us/images/members/55/2.jpg,yes,yes,no,no,0,,,,,,,1,Matt Baker,,,
Metzgar,Carl Metzgar,R,69,Somerset,http://www.legis.state.pa.us/images/members/55/1174.jpg,yes,yes,no,no,0,,,,,,,1,Carl Walker Metzgar,,,
Bradford,Matthew Bradford,D,70,Montgomery,http://www.legis.state.pa.us/images/members/55/1161.jpg,yes,yes,no,yes,1,Matt Bradford,,,,,,1,Chuck Springer,,,
Barbin,Bryan Barbin,D,71,Cambria,http://www.legis.state.pa.us/images/members/55/1158.jpg,yes,yes,no,yes,1,Bryan Barbin,,,,,,1,Mark Amsdell,,,
Burns,Frank Burns,D,72,Cambria,http://www.legis.state.pa.us/images/members/55/1163.jpg,yes,yes,dem,yes,2,Frank Burns,Martin Westrick,,,,,1,Cecilia Houser,,,
Sankey,Tommy Sankey,R,73,Clearfield,http://www.legis.state.pa.us/images/members/55/1648.jpg,yes,yes,no,yes,1,Frederick Weaver,,,,,,1,Tommy Sankey,,,
Lewis,Harry Lewis,R,74,Chester,http://www.legis.state.pa.us/images/members/55/1695.jpg,yes,yes,no,yes,1,Josh Maxwell,,,,,,1,Harry Lewis,,,
Gabler,Matt Gabler,R,75,Clearfield,http://www.legis.state.pa.us/images/members/55/1170.jpg,yes,yes,no,yes,1,Jay Notarianni,,,,,,1,Matt Gabler,,,
Hanna,Michael Hanna,D,76,Centre,http://www.legis.state.pa.us/images/members/55/10.jpg,yes,yes,no,yes,1,Mike Hanna,,,,,,1,Stephanie Borowicz,,,
Conklin,Scott Conklin,D,77,Centre,http://www.legis.state.pa.us/images/members/55/1096.jpg,yes,yes,no,no,1,Scott Conklin,,,,,,0,,,,
Topper,Jesse Tooper,R,78,Bedford,http://www.legis.state.pa.us/images/members/55/1681.jpg,yes,yes,no,no,0,,,,,,,1,Jesse Topper,,,
McGinnis,John McGinnis,R,79,Blair,http://www.legis.state.pa.us/images/members/55/1640.jpg,yes,yes,rep,no,0,,,,,,,2,John McGinnis,Pete Starr,,
Ward,Judy Ward,R,80,Blair,http://www.legis.state.pa.us/images/members/55/1683.jpg,yes,yes,no,no,0,,,,,,,1,Judy Ward,,,
Irvin,Rich Irvin,R,81,Huntingdon,http://www.legis.state.pa.us/images/members/55/1691.jpg,yes,yes,rep,yes,1,Rick Rogers,,,,,,2,Rich Irvin,Mary Ann Buckley,,
Harris1,Adam Harris,R,82,Juniata,http://www.legis.state.pa.us/images/members/55/1016.jpg,yes,yes,no,no,0,,,,,,,1,Adam Harris,,,
Wheeland,Jeff Wheeland,R,83,Lycoming,http://www.legis.state.pa.us/images/members/55/1710.jpg,yes,yes,no,no,0,,,,,,,1,Jeff Wheeland,,,
Everett,Garth Everett,R,84,Lycoming,http://www.legis.state.pa.us/images/members/55/1098.jpg,yes,yes,no,no,0,,,,,,,1,Garth Everett,,,
Keller1,Fred Keller,R,85,Snyder,http://www.legis.state.pa.us/images/members/55/1214.jpg,yes,yes,no,no,0,,,,,,,1,Fred Keller,,,
Keller2,Mark Keller,R,86,Perry,http://www.legis.state.pa.us/images/members/55/1020.jpg,yes,yes,no,no,0,,,,,,,1,Mark Keller,,,
Rothman,Greg Rothman,R,87,Cumberland,http://www.legis.state.pa.us/images/members/55/1733.jpg,yes,yes,rep,no,0,,,,,,,1,Michael Travis,,,
Delozier,Sheryl Delozier,R,88,Cumberland,http://www.legis.state.pa.us/images/members/55/1167.jpg,yes,yes,no,yes,1,Christopher Cowan,,,,,,1,Sheryl Delozier,,,
Kaufman,Rob Kauffman,R,89,Franklin,http://www.legis.state.pa.us/images/members/55/1022.jpg,yes,yes,no,yes,1,Christine Tolbert,,,,,,1,Rob Kauffman,,,
Schemel,Paul Schemel,R,90,Franklin,http://www.legis.state.pa.us/images/members/55/1705.jpg,yes,yes,no,no,0,,,,,,,1,Paul Schemel,,,
Moul,Dan Moul,R,91,Adams,http://www.legis.state.pa.us/images/members/55/1101.jpg,yes,yes,no,yes,1,Denise Wledon-Siviy,,,,,,1,Dan Moul,,,
Regan,Mike Regan,R,92,York,http://www.legis.state.pa.us/images/members/55/1646.jpg,no,yes,rep,no,0,,,,,,,3,Kraig Bruder,Dawn Keefer,Anthony Pugliese,
Hill,Kristin Hill,R,93,York,http://www.legis.state.pa.us/images/members/55/1690.jpg,yes,yes,no,no,0,,,,,,,1,Kristin Hill,,,
Saylor,Stan Saylor,R,94,York,http://www.legis.state.pa.us/images/members/55/200.jpg,yes,yes,no,no,0,,,,,,,1,Stan Saylor,,,
Schreiber,Kevin Schreiber,D,95,York,http://www.legis.state.pa.us/images/members/55/1680.jpg,yes,yes,no,yes,1,Kevin Schreiber,,,,,,1,Joel Sears,,,
Sturla,Michael Sturla,D,96,Lancaster,http://www.legis.state.pa.us/images/members/55/274.jpg,yes,yes,no,yes,1,Mike Sturla,,,,,,1,Robert Bigley,,,
Mentzer,Stephen Mentzer,R,97,Lancaster,http://www.legis.state.pa.us/images/members/55/1642.jpg,yes,yes,no,yes,1,Charles Klein,,,,,,1,Stephen Mentzer,,,
Hickernell,David Hickernell,R,98,Dauphin,http://www.legis.state.pa.us/images/members/55/1013.jpg,yes,yes,no,no,0,,,,,,,1,David Hackernell,,,
Zimmerman,David Zimmerman,R,99,Lancaster,http://www.legis.state.pa.us/images/members/55/1711.jpg,yes,yes,no,no,0,,,,,,,1,David Zimmerman,,,
Cutler,Bryan Cutler,R,100,Lancaster,http://www.legis.state.pa.us/images/members/55/1105.jpg,yes,yes,no,yes,1,Dale Hamby,,,,,,1,Bryan Cutler,,,
Gingrich,Mauree Gingrich,R,101,Lebanon,http://www.legis.state.pa.us/images/members/55/1015.jpg,no,yes,rep,yes,1,Lorraine Scudder,,,,,,4,Jeffrey Griffith,Pier Hess,Frank Ryan,John Dissinger
Diamond,Russ Diamond,R,102,Lebanon,http://www.legis.state.pa.us/images/members/55/1686.jpg,yes,yes,rep,yes,1,Jake Long,,,,,,2,Thomas Houtz,Russ Diamond,,
Kim,Patty Kim,D,103,Dauphin,http://www.legis.state.pa.us/images/members/55/1636.jpg,yes,yes,dem,no,2,Richard Soto,Patty Kim,,,,,0,,,,
Helm,Susan Helm,R,104,Dauphin,http://www.legis.state.pa.us/images/members/55/1107.jpg,yes,yes,rep,yes,1,Jody Rebarchak,,,,,,2,Susan Helm,Nate Curtis,,
Marsico,Ron Marsico,R,105,Dauphin,http://www.legis.state.pa.us/images/members/55/234.jpg,yes,yes,no,no,0,,,,,,,1,Ron Marsico,,,
Payne,John Payne,R,106,Dauphin,http://www.legis.state.pa.us/images/members/55/1024.jpg,no,yes,rep,no,0,,,,,,,2,Jonathan Keeler,Tom Mehaffie,,
Masser,Kurt Masser,R,107,Cambria,http://www.legis.state.pa.us/images/members/55/1216.jpg,yes,yes,dem,yes,2,Michael Krankowski,Chris Pfaff,,,,,1,Kurt Masser,,,
Culver,Lynda Culver,R,108,Snyder,http://www.legis.state.pa.us/images/members/55/1202.jpg,yes,yes,no,no,0,,,,,,,1,Lynda Culver,,,
Millard,David Millard,R,109,Columbia,http://www.legis.state.pa.us/images/members/55/1033.jpg,yes,yes,no,no,0,,,,,,,1,David Millard,,,
Pickett,Tina Pickett,R,110,Bradford,http://www.legis.state.pa.us/images/members/55/97.jpg,yes,yes,no,no,0,,,,,,,1,Tina Pickett,,,
Major,Sandra Major,R,111,Susquehanna,http://www.legis.state.pa.us/images/members/55/98.jpg,no,yes,rep,no,0,,,,,,,3,Alan Hall,Jonathan Fritz,Jerry Birmelin,
Farina,Frank Farina,D,112,Lackawanna,http://www.legis.state.pa.us/images/members/55/1624.jpg,yes,yes,dem,yes,3,Frank Farina,Kevin Haggerty,Thomas Lukasewicz,,,,1,Ernest Lemoncelli,,,
Flynn,Marty Flynn,D,113,Lackawanna,http://www.legis.state.pa.us/images/members/55/1626.jpg,yes,yes,no,yes,1,Marty Flynn,,,,,,1,David Burgerhoff,,,
Kavulich,Sid Kavulich,D,114,Lackawanna,http://www.legis.state.pa.us/images/members/55/1213.jpg,yes,yes,no,yes,1,Sid Kavulich,,,,,,1,Cheryl Scandale-Murnin,,,
Parker2,David Parker,R,115,Monroe,http://www.legis.state.pa.us/images/members/55/1702.jpg,yes,yes,dem,yes,2,Andre Reames,Maureen Madden,,,,,1,David Parker,,,
Toohil,Tarah Toohil,R,116,Luzerne,http://www.legis.state.pa.us/images/members/55/1223.jpg,yes,yes,no,yes,1,Gary Gregory,,,,,,1,Tarah Toohil,,,
Boback,Karen Boback,R,117,Luzerne,http://www.legis.state.pa.us/images/members/55/1110.jpg,yes,yes,no,no,0,,,,,,,1,Karen Boback,,,
Carroll,Mike Carroll,D,118,Luzerne,http://www.legis.state.pa.us/images/members/55/1111.jpg,yes,yes,no,no,1,Mike Carroll,,,,,,0,,,,
Mullery,Gerald Mullery,D,119,Luzerne,http://www.legis.state.pa.us/images/members/55/1217.jpg,yes,yes,no,yes,1,Gerald Mullery,,,,,,1,Justin Behrens,,,
Kaufer,Aaron Kaufer,R,120,Luzerne,http://www.legis.state.pa.us/images/members/55/1693.jpg,yes,yes,no,yes,1,Robert McDonald,,,,,,1,Aaron Kaufer,,,
Pashinski,Eddie Pashinski,D,121,Luzerne,http://www.legis.state.pa.us/images/members/55/1112.jpg,yes,yes,no,no,1,Eddie Pashinski,,,,,,0,,,,
Heffley,Doyle Heffley,R,122,Carbon,http://www.legis.state.pa.us/images/members/55/1211.jpg,yes,yes,no,yes,1,Neil Makhija,,,,,,1,Doyle Heffley,,,
Goodman,Neal Goodman,D,123,Schuylkill,http://www.legis.state.pa.us/images/members/55/1029.jpg,yes,yes,no,no,1,Neal Goodman,,,,,,0,,,,
Knowles,Jerry Knowles,R,124,Berks,http://www.legis.state.pa.us/images/members/55/1193.jpg,yes,yes,no,no,0,,,,,,,1,Jerry Knowles,,,
Tobash,Mike Tobash,R,125,Schuylkill,http://www.legis.state.pa.us/images/members/55/1222.jpg,yes,yes,no,no,0,,,,,,,1,Mike Tobash,,,
Rozzi,Mark Rozzi,D,126,Berks,http://www.legis.state.pa.us/images/members/55/1647.jpg,yes,yes,no,no,1,Mark Rozzi,,,,,,0,,,,
Caltagirone,Thomas Caltagirone,D,127,Berks,http://www.legis.state.pa.us/images/members/55/72.jpg,yes,yes,no,no,1,Thomas Caltagirone,,,,,,0,,,,
Gillen,Mark Gillen,R,128,Berks,http://www.legis.state.pa.us/images/members/55/1209.jpg,yes,yes,no,no,0,,,,,,,1,Mark Gillen,,,
Cox,Jim Cox,R,129,Berks,http://www.legis.state.pa.us/images/members/55/1114.jpg,yes,yes,no,no,0,,,,,,,1,Jim Cox,,,
Maloney,David Maloney,R,130,Berks,http://www.legis.state.pa.us/images/members/55/1226.jpg,yes,yes,no,no,0,,,,,,,1,David Maloney,,,
Simmons,Justin Simmons,R,131,Lehigh,http://www.legis.state.pa.us/images/members/55/1220.jpg,yes,yes,rep,no,0,,,,,,,2,Bill Coyle,Justin Simmons,,
Schlossberg,Michael Schlossberg,D,132,Lehigh,http://www.legis.state.pa.us/images/members/55/1649.jpg,yes,yes,no,yes,1,Mike Schlossberg,,,,,,1,Ben Long,,,
McNeill,Daniel McNeill,D,133,Lehigh,http://www.legis.state.pa.us/images/members/55/1641.jpg,yes,yes,no,yes,1,Daniel McNeill,,,,,,1,David Molony,,,
Mackenzie,Ryan Mackenzie,R,134,Berks,http://www.legis.state.pa.us/images/members/55/1614.jpg,yes,yes,no,no,0,,,,,,,1,Ryan Mackenzie,,,
Samuelson,Steve Samuelson,D,135,Northampton,http://www.legis.state.pa.us/images/members/55/80.jpg,yes,yes,no,no,1,Steve Samuelson,,,,,,0,,,,
Freeman,Robert Freeman,D,136,Northampton,http://www.legis.state.pa.us/images/members/55/136.jpg,yes,yes,no,no,1,Robert Freeman,,,,,,0,,,,
Emrick,Joe Emrick,R,137,Northampton,http://www.legis.state.pa.us/images/members/55/1207.jpg,yes,yes,no,no,0,,,,,,,1,Joe Emrick,,,
Hahn,Marcia Hahn,R,138,Northampton,http://www.legis.state.pa.us/images/members/55/1195.jpg,yes,yes,no,no,0,,,,,,,1,Marcia Hahn,,,
Peifer,Michael Peifer,R,139,Pike,http://www.legis.state.pa.us/images/members/55/1117.jpg,yes,yes,no,no,0,,,,,,,1,Michael Peifer,,,
Galloway,John Galloway,D,140,Bucks,http://www.legis.state.pa.us/images/members/55/1118.jpg,yes,yes,no,no,1,John Galloway,,,,,,0,,,,
Davis,Tina Davis,D,141,Bucks,http://www.legis.state.pa.us/images/members/55/1204.jpg,yes,yes,no,no,1,Tina Davis,,,,,,0,,,,
Farry,Frank Farry,R,142,Bucks,http://www.legis.state.pa.us/images/members/55/1169.jpg,yes,yes,no,no,0,,,,,,,1,Frank Farry,,,
Quinn,Marguerite Quinn,R,143,Bucks,http://www.legis.state.pa.us/images/members/55/1120.jpg,yes,yes,no,yes,1,Stephen Kunkel,,,,,,1,Marguerite Quinn,,,
Watson,Katharine Watson,R,144,Bucks,http://www.legis.state.pa.us/images/members/55/261.jpg,yes,yes,no,no,0,,,,,,,1,Katherine Watson,,,
Staats,Craig Staats,R,145,Bucks,http://www.legis.state.pa.us/images/members/55/1707.jpg,yes,yes,no,yes,1,Vera Cole,,,,,,1,Craig Staats,,,
Quigley,Thomas Quigley,R,146,Montgomery,http://www.legis.state.pa.us/images/members/55/1039.jpg,yes,yes,no,yes,1,Joe Ciresi,,,,,,1,Thomas Quigley,,,
Toepel,Marcy Toepel,R,147,Montgomery,http://www.legis.state.pa.us/images/members/55/1196.jpg,yes,yes,no,yes,1,Rachel Hendricks,,,,,,1,Marcy Toepel,,,
Daley1,Mary Jo Daley,D,148,Montgomery,http://www.legis.state.pa.us/images/members/55/1622.jpg,yes,yes,no,no,1,Mary Jo Daley,,,,,,1,Ed Flocco,,,
Briggs,Tim Briggs,D,149,Montgomery,http://www.legis.state.pa.us/images/members/55/1159.jpg,yes,yes,no,yes,1,Tim Briggs,,,,,,1,Chira Smith,,,
Vereb,Mike Vereb,R,150,Montgomery,http://www.legis.state.pa.us/images/members/55/1122.jpg,no,yes,dem,yes,2,Steven Burda,Linda Weaver,,,,,1,Michael Corr,,,
Stephens,Todd Stephens,R,151,Montgomery,http://www.legis.state.pa.us/images/members/55/1221.jpg,yes,yes,no,yes,1,Jimmy Fagan,,,,,,1,Todd Stephens,,,
Murt,Thomas Murt,R,152,Montgomery,http://www.legis.state.pa.us/images/members/55/1124.jpg,yes,yes,no,yes,1,Albert Dermovsesian,,,,,,1,Thomas Murt,,,
Dean,Madeleine Dean,D,153,Montgomery,http://www.legis.state.pa.us/images/members/55/1613.jpg,yes,yes,no,yes,1,Madeline Dean,,,,,,1,Anthony Scalfaro,,,
McCarter,Stephen McCarter,D,154,Montgomery,http://www.legis.state.pa.us/images/members/55/1639.jpg,yes,yes,no,yes,1,Steve McCarter,,,,,,1,Thom Estilow,,,
Corbin,Becky Corbin,R,155,Chester,http://www.legis.state.pa.us/images/members/55/1621.jpg,yes,yes,no,yes,1,James Burns,,,,,,1,Becky Corbin,,,
Truitt,Dan Truitt,R,156,Chester,http://www.legis.state.pa.us/images/members/55/1224.jpg,yes,yes,no,no,1,Carolyn Comitta,,,,,,1,Dan Truitt,,,
Kampf,Warren Kampf,R,157,Chester,http://www.legis.state.pa.us/images/members/55/1212.jpg,yes,yes,no,yes,1,Hans Van Mol,,,,,,1,Warren Kampf,,,
Ross,Chris Ross,R,158,Chester,http://www.legis.state.pa.us/images/members/55/125.jpg,no,yes,no,yes,1,Susan Rzucidlo,,,,,,0,,,,
Kirkland,Thaddeus Kirkland,D,159,Delaware,http://www.legis.state.pa.us/images/members/55/126.jpg,No,yes,no,yes,1,Brian Kirkland,,,,,,1,Michael Ciach,,,
Barrar,Stephen Barrar,R,160,Chester,http://www.legis.state.pa.us/images/members/55/127.jpg,yes,yes,no,no,0,,,,,,,1,Stephen Barrar,,,
Krueger-Braneky,Leanne Kruger-Braneky,D,161,Delaware,http://www.legis.state.pa.us/images/members/55/1735.jpg,yes,yes,no,yes,1,Leanne Krueger-Braneky,,,,,,1,Patti Rogers Morrisette,,,
Micarelli,Nick Miccarelli,R,162,Delaware,http://www.legis.state.pa.us/images/members/55/1175.jpg,yes,yes,no,yes,1,Jim Butt,,,,,,1,Nick Miccarelli,,,
Santora,James Santora,R,163,Delaware,http://www.legis.state.pa.us/images/members/55/1704.jpg,yes,yes,no,yes,1,Barbarann Keffer,,,,,,1,James Santora,,,
Davidson,Margo Davidson,D,164,Delaware,http://www.legis.state.pa.us/images/members/55/1203.jpg,yes,yes,dem,yes,2,Sekela Coles,Margo Davidson,,,,,1,Inder Bains,,,
Adolph,William Adoph,R,165,Delaware,http://www.legis.state.pa.us/images/members/55/209.jpg,no,yes,no,yes,1,Elaine Schafer,,,,,,1,Alex Charlton,,,
Vitali,Greg Vitali,D,166,Delaware,http://www.legis.state.pa.us/images/members/55/210.jpg,yes,yes,no,yes,1,Greg Vitali,,,,,,1,Jim Knapp,,,
Milne,Duane Milne,R,167,Chester,http://www.legis.state.pa.us/images/members/55/1126.jpg,yes,yes,no,yes,1,Joe Denham,,,,,,1,Duane Milne,,,
Killion,Thomas Killion,R,168,Delaware,http://www.legis.state.pa.us/images/members/55/1011.jpg,no,yes,no,yes,1,Diane Cornman-Levy,,,,,,1,Chris Quinn,,,
Klunk,Kate Klunk,R,169,York,http://www.legis.state.pa.us/images/members/55/1694.jpg,yes,yes,no,no,0,,,,,,,1,Kate Klunk,,,
White,Martina White,D,170,Philadelphia,http://www.legis.state.pa.us/images/members/55/1732.jpg,yes,yes,dem,yes,2,Matthew Darragh,Fran Nelms,,,,,1,Martina White,,,
Benninghoff,Kerry Benninghoff,R,171,Centre,http://www.legis.state.pa.us/images/members/55/215.jpg,yes,yes,no,yes,1,Melody Fleck,,,,,,1,Kerry Benninghoff,,,
Boyle,Kevin Boyle,D,172,Philadelphia,http://www.legis.state.pa.us/images/members/55/1225.jpg,yes,yes,no,yes,1,Kevin Boyle,,,,,,1,Jim Pio,,,
Driscoll,Michael Driscoll,D,173,Philadelphia,http://www.legis.state.pa.us/images/members/55/1688.jpg,yes,yes,no,no,1,Mike Driscoll,,,,,,0,,,,
Neilson,Ed Neilson,D,174,Philadelphia,http://www.legis.state.pa.us/images/members/55/1615.jpg,yes,yes,no,no,1,Ed Neilson,,,,,,0,,,,
Obrien,Michael O'Brien,D,175,Philadelphia,http://www.legis.state.pa.us/images/members/55/1127.jpg,yes,yes,dem,no,2,Sean Sullivan,Michael O'Brien,,,,,0,,,,
Rader,Jack Rader,R,176,Monroe,http://www.legis.state.pa.us/images/members/55/1703.jpg,yes,yes,no,no,0,,,,,,,1,Jack Rader,,,
Taylor,John Taylor,R,177,Philadelphia,http://www.legis.state.pa.us/images/members/55/161.jpg,yes,yes,no,yes,1,Joe Hohenstein,,,,,,1,John Taylor,,,
Petri,Scott Petri,R,178,Bucks,http://www.legis.state.pa.us/images/members/55/1034.jpg,yes,yes,no,yes,0,,,,,,,1,Scott Petri,,,
Dawkins,Jason Dawkins,D,179,Philadelphia,http://www.legis.state.pa.us/images/members/55/1685.jpg,yes,yes,no,no,1,Jason Dawkins,,,,,,0,,,,
Cruz,Angel Cruz,D,180,Philadelphia,http://www.legis.state.pa.us/images/members/55/304.jpg,yes,yes,no,no,1,Angel Cruz,,,,,,0,,,,
Thomas,Curtis Thomas,D,181,Philadelphia,http://www.legis.state.pa.us/images/members/55/165.jpg,yes,yes,dem,no,2,Curtis Thomas,Kenneth Walker,,,,,0,,,,
Sims,Brian Sims,D,182,Philadelphia,http://www.legis.state.pa.us/images/members/55/1650.jpg,yes,yes,dem,no,4,Lou Lanni,Ben Waxman,Marni Snyder,Brian Sims,,,0,,,,
Harhart,Julie Harhart,R,183,Lehigh,http://www.legis.state.pa.us/images/members/55/167.jpg,no,yes,rep,yes,1,Phillips Armstrong,,,,,,2,Cindy Miller,Zach Mako,,
Keller3,William Keller,D,184,Philadelphia,http://www.legis.state.pa.us/images/members/55/147.jpg,yes,yes,no,no,1,William Keller,,,,,,0,,,,
Donatucci,Maria Donatucci,D,185,Delaware,http://www.legis.state.pa.us/images/members/55/1233.jpg,yes,yes,no,no,1,Maria Donatucci,,,,,,0,,,,
Harris2,Jordan Harris,D,186,Philadelphia,http://www.legis.state.pa.us/images/members/55/1633.jpg,yes,yes,yes,no,2,Jordan Harris,Warran Bullard,,,,,0,,,,
Day,Gary Day,R,187,Berks,http://www.legis.state.pa.us/images/members/55/1190.jpg,yes,yes,no,no,0,,,,,,,1,Gary Day,,,
Roebuck,James Roebuck,D,188,Philadelphia,http://www.legis.state.pa.us/images/members/55/139.jpg,yes,yes,no,no,1,James Roebuck,,,,,,0,,,,
Brown1,Rosemary Brown,R,189,Monroe,http://www.legis.state.pa.us/images/members/55/1200.jpg,yes,yes,no,yes,1,Damary Bonilla,,,,,,1,Rosemary Brown,,,
Brown2,Vanessa Brown,D,190,Philadelphia,http://www.legis.state.pa.us/images/members/55/1162.jpg,yes,yes,dem,no,6,Wanda Logan,Ray Bailey,Movita Johnson-Harrell,Vanessa Brown,Ted Smith,Darryl Thomas,0,,,,
McClinton,Joanna McClinton,D,191,Philadelphia,http://www.legis.state.pa.us/images/members/55/1734.jpg,yes,yes,no,no,1,Joanna McClinton,,,,,,0,,,,
Savage,Lynwood Savage,D,192,Philadelphia,,yes,yes,dem,no,5,Steven Jones,Morgan Cephas,Jess Johnson,Edwin Santana,Lynwood Savage,,0,,,,
Tallman ,Will Tallman,R,193,Adams,http://www.legis.state.pa.us/images/members/55/1180.jpg,yes,yes,no,no,0,,,,,,,1,Will Tallman,,,
Delissio,Pamela Delisso,D,194,Montgomery,http://www.legis.state.pa.us/images/members/55/1205.jpg,yes,yes,dem,yes,2,Pamela Delisso,Sean Stevens,,,,,1,Bill Pounds,,,
Bullock,Donna Bullock,D,195,Philadelphia,http://www.legis.state.pa.us/images/members/55/1736.jpg,yes,yes,dem,no,3,Donna Bullock,Jmar Izzo Izzard,Jimmie Moore,,,,0,,,,
Grove,Seth Grove,R,196,York,http://www.legis.state.pa.us/images/members/55/1171.jpg,yes,yes,no,no,0,,,,,,,1,Seth Grove,,,
Acosta,Leslie Acosta,D,197,Philadelphia,http://www.legis.state.pa.us/images/members/55/1684.jpg,yes,yes,no,no,1,Leslie Acosta,,,,,,0,,,,
Youngblood,Rosita Youngblood,D,198,Philadelphia,http://www.legis.state.pa.us/images/members/55/264.jpg,yes,yes,no,no,1,Rosita Youngblood,,,,,,0,,,,
Bloom,Stephen Bloom,R,199,Cumberland,http://www.legis.state.pa.us/images/members/55/1199.jpg,yes,yes,no,no,0,,,,,,,1,Stephen Bloom,,,
Cook-Artis,Tonyelle Cook-Artis,D,200,Philadelphia,http://www.legis.state.pa.us/images/members/55/1740.jpg,yes,yes,dem,yes,3,Bobby Curry,Tonyelle Cook-Artis,Chris Rabb,,,,1,Latryse McDowell,,,
Kinsey,Stephen Kinsey,D,201,Philadelphia,http://www.legis.state.pa.us/images/members/55/1637.jpg,yes,yes,no,no,1,Stephen Kinsey,,,,,,0,,,,
Cohen,Mark Cohen,D,202,Philadelphia,http://www.legis.state.pa.us/images/members/55/268.jpg,yes,yes,dem,no,2,Jared Solomon,Mark Cohen,,,,,0,,,,
Evans,Dwight Evans,D,203,Philadelphia,http://www.legis.state.pa.us/images/members/55/269.jpg,no,yes,no,no,1,Isabella Fitzgerald,,,,,,0,,,,